Date,Time,DrawNumber,Numbers
Сегодня,,149985,"8 5 3 17 24 18 4 9 16 23 13 1"
Сегодня,,149984,"8 17 19 23 9 13 20 6 15 18 16 2"
Сегодня,,149983,"23 1 18 12 24 6 3 15 5 14 21 11"
Сегодня,,149982,"14 2 17 18 6 20 13 9 7 1 16 19"
Сегодня,,149981,"10 11 3 6 9 2 12 22 18 1 24 15"
Сегодня,,149980,"13 19 15 17 18 8 2 21 5 3 23 1"
Сегодня,,149979,"2 4 7 17 8 5 6 22 18 9 12 19"
Сегодня,,149978,"16 18 13 4 5 21 20 1 23 24 14 12"
Сегодня,,149977,"17 2 18 4 12 21 22 1 5 6 19 15"
Сегодня,,149976,"12 3 23 9 13 19 5 21 8 4 24 10"
Сегодня,,149975,"24 11 19 14 2 7 10 1 13 17 12 3"
Сегодня,,149974,"3 18 21 2 23 13 22 14 4 1 7 17"
Сегодня,,149973,"19 13 7 17 10 12 3 6 9 4 15 8"
Сегодня,,149972,"5 6 15 2 7 21 22 23 1 24 18 16"
Сегодня,,149971,"10 18 5 21 8 19 13 16 12 14 2 11"
Сегодня,,149970,"8 17 10 20 4 19 22 9 18 5 3 12"
Сегодня,,149969,"6 19 24 12 16 2 1 14 18 3 11 7"
Сегодня,,149968,"21 15 6 9 1 22 14 2 10 23 24 20"
Сегодня,,149967,"19 24 18 7 23 14 11 10 12 17 6 9"
Сегодня,,149966,"21 1 7 22 3 10 17 13 19 12 8 24"
Сегодня,,149965,"10 1 5 4 13 7 24 22 20 11 16 6"
Сегодня,,149964,"22 2 13 18 11 7 15 10 5 20 4 3"
Сегодня,,149963,"23 10 11 13 21 20 7 8 22 3 6 15"
Сегодня,,149962,"5 7 24 14 13 22 4 15 3 17 1 21"
Сегодня,,149961,"6 17 3 8 19 1 9 14 5 18 15 22"
Сегодня,,149960,"7 2 23 5 17 13 3 8 19 16 21 11"
Сегодня,,149959,"20 13 6 2 12 4 9 24 19 15 11 7"
Сегодня,,149958,"17 15 23 2 3 8 18 11 14 19 7 9"
Сегодня,,149957,"21 6 19 1 20 8 11 16 17 3 13 2"
Сегодня,,149956,"7 18 21 4 23 1 19 20 5 13 16 10"
Сегодня,,149955,"13 10 20 19 8 1 18 6 2 14 22 4"
Сегодня,,149954,"4 23 13 11 22 8 20 9 19 16 5 24"
Сегодня,,149953,"22 19 7 12 8 24 15 23 21 16 5 20"
Сегодня,,149952,"17 6 12 2 9 21 4 24 23 3 8 22"
Сегодня,,149951,"5 22 21 17 14 1 9 13 11 20 10 18"
Сегодня,,149950,"4 23 7 22 11 13 9 17 12 24 6 8"
Сегодня,,149949,"10 5 6 7 21 19 17 18 2 1 12 24"
Сегодня,,149948,"15 23 9 16 18 22 7 10 6 12 14 19"
Сегодня,,149947,"23 8 2 1 5 6 16 13 20 11 9 7"
Сегодня,,149946,"20 21 12 6 8 5 7 9 11 4 22 17"
Сегодня,,149945,"10 1 22 9 5 20 13 19 4 8 6 15"
Сегодня,,149944,"24 5 13 19 2 22 7 18 8 4 6 3"
Сегодня,,149943,"16 21 12 1 11 22 18 2 24 10 19 13"
Сегодня,,149942,"19 4 13 21 3 15 14 1 22 17 11 12"
Сегодня,,149941,"20 6 11 16 15 19 3 8 24 7 12 22"
Сегодня,,149940,"20 12 8 23 24 17 11 1 14 7 2 16"
Сегодня,,149939,"20 3 24 21 2 19 16 23 7 15 12 10"
Сегодня,,149938,"1 7 22 21 13 15 4 19 24 3 6 10"
Сегодня,,149937,"12 13 7 6 8 5 1 18 4 17 22 14"
Сегодня,,149936,"12 19 9 21 15 5 1 23 10 4 14 8"
Сегодня,,149935,"8 10 3 15 2 21 13 24 20 11 12 9"
Сегодня,,149934,"7 13 11 12 22 10 23 3 17 8 14 20"
Сегодня,,149933,"8 17 21 1 16 18 19 10 3 7 15 5"
Сегодня,,149932,"16 21 4 17 2 8 12 6 23 3 24 14"
Сегодня,,149931,"12 15 16 7 3 19 1 14 23 5 10 2"
Сегодня,,149930,"12 1 5 2 3 24 7 15 6 20 16 21"
Сегодня,,149929,"14 22 10 3 24 18 21 7 8 15 17 11"
Сегодня,,149928,"22 15 3 14 8 10 21 12 16 17 4 6"
Сегодня,,149927,"9 21 12 23 18 5 20 10 17 13 6 11"
Сегодня,,149926,"20 21 12 13 11 3 14 19 6 9 1 5"
Сегодня,,149925,"14 12 21 19 2 23 20 6 24 13 15 4"
Сегодня,,149924,"10 5 22 19 4 9 2 11 18 14 20 7"
Сегодня,,149923,"4 11 3 18 12 10 2 22 17 24 5 15"
Сегодня,,149922,"17 9 21 3 18 16 13 11 1 10 8 6"
Сегодня,,149921,"5 12 4 21 8 18 23 13 3 9 24 11"
Сегодня,,149920,"20 6 5 18 13 24 21 12 3 15 22 1"
Сегодня,,149919,"14 19 3 7 4 11 21 22 13 23 18 12"
Сегодня,,149918,"8 3 22 24 14 1 12 23 15 11 5 19"
Сегодня,,149917,"17 16 20 8 12 13 6 18 9 23 10 2"
Сегодня,,149916,"19 2 12 17 7 4 15 18 5 6 23 24"
Сегодня,,149915,"19 23 8 5 3 24 9 22 11 6 16 21"
Сегодня,,149914,"13 22 21 20 23 4 7 14 3 9 16 6"
Сегодня,,149913,"20 12 11 9 17 18 19 7 24 8 10 3"
Сегодня,,149912,"1 20 18 6 23 22 19 17 16 5 21 8"
Сегодня,,149911,"20 12 11 7 8 5 10 18 15 6 1 21"
Сегодня,,149910,"17 3 2 4 8 23 1 5 10 16 13 20"
Сегодня,,149909,"2 3 13 9 20 23 15 6 7 21 8 19"
Сегодня,,149908,"3 18 14 6 13 4 22 17 19 16 2 11"
Сегодня,,149907,"23 3 11 9 1 20 14 8 12 17 7 24"
Сегодня,,149906,"6 22 19 2 17 3 9 8 23 10 13 15"
Сегодня,,149905,"5 22 1 24 7 2 17 9 12 20 18 3"
Сегодня,,149904,"12 3 7 15 16 19 9 11 24 4 23 17"
Сегодня,,149903,"4 13 1 22 3 5 21 24 10 12 8 20"
Сегодня,,149902,"16 15 5 23 1 3 8 21 9 6 17 7"
Сегодня,,149901,"12 11 24 21 10 7 15 16 23 4 13 17"
Вчера,,149900,"5 23 6 3 9 11 20 22 4 2 21 14"
Вчера,,149899,"3 19 5 12 13 8 11 6 22 7 2 4"
Вчера,,149898,"5 18 21 22 19 7 16 15 6 9 14 1"
Вчера,,149897,"20 7 10 1 11 18 19 13 15 6 2 3"
Вчера,,149896,"15 22 16 20 24 8 4 1 6 14 21 12"
Вчера,,149895,"23 2 8 17 4 19 12 20 5 21 1 3"
Вчера,,149894,"15 11 24 5 19 6 12 1 22 2 23 8"
Вчера,,149893,"21 4 10 12 18 15 22 3 20 7 17 16"
Вчера,,149892,"4 14 18 10 20 15 21 22 6 16 5 24"
Вчера,,149891,"9 10 19 20 13 17 3 8 21 14 6 24"
Вчера,,149890,"18 14 20 13 10 17 12 23 21 15 7 24"
Вчера,,149889,"8 9 13 22 4 6 23 20 18 14 15 11"
Вчера,,149888,"16 21 5 10 13 3 8 12 20 15 24 7"
Вчера,,149887,"9 14 16 15 11 3 24 22 19 7 18 17"
Вчера,,149886,"14 15 8 21 24 7 2 23 16 1 22 3"
Вчера,,149885,"10 22 18 17 15 3 4 21 8 20 14 2"
Вчера,,149884,"22 17 8 23 9 18 19 21 2 4 15 10"
Вчера,,149883,"13 24 10 22 15 7 18 4 21 20 17 2"
Вчера,,149882,"17 1 21 16 7 2 8 11 14 6 23 13"
Вчера,,149881,"3 6 10 9 18 22 5 14 13 12 2 8"
Вчера,,149880,"17 12 6 1 24 18 16 8 11 13 20 22"
Вчера,,149879,"6 11 17 4 3 20 18 12 2 5 8 1"
Вчера,,149878,"5 9 13 3 18 22 20 23 2 7 11 8"
Вчера,,149877,"11 17 4 20 21 19 15 8 10 5 12 22"
Вчера,,149876,"4 2 15 24 23 9 16 18 20 1 12 7"
Вчера,,149875,"15 18 3 19 22 10 11 2 17 20 1 23"
Вчера,,149874,"7 11 19 3 4 24 9 12 23 17 10 16"
Вчера,,149873,"14 18 4 3 15 17 23 9 5 8 6 1"
Вчера,,149872,"22 3 16 12 4 24 6 11 7 1 2 18"
Вчера,,149871,"23 2 18 10 22 7 20 1 24 14 13 5"
Вчера,,149870,"3 2 6 17 10 23 4 12 5 24 9 16"
Вчера,,149869,"6 18 7 4 19 21 20 14 12 17 16 5"
Вчера,,149868,"2 17 16 15 23 5 1 13 24 4 8 21"
Вчера,,149867,"7 18 11 22 23 3 5 1 10 16 14 24"
Вчера,,149866,"17 20 6 1 18 10 14 16 23 8 22 5"
Вчера,,149865,"2 23 22 10 13 3 6 21 24 1 5 12"
Вчера,,149864,"12 18 16 9 13 5 21 17 24 3 2 7"
Вчера,,149863,"12 6 8 4 21 14 5 7 19 22 16 17"
Вчера,,149862,"8 7 1 22 21 11 17 14 12 3 10 9"
Вчера,,149861,"22 7 3 17 5 20 13 18 2 19 8 23"
Вчера,,149860,"11 17 4 8 18 23 3 10 9 16 2 6"
Вчера,,149859,"7 14 4 8 22 5 12 19 3 6 24 9"
Вчера,,149858,"2 12 3 4 8 24 22 16 15 7 5 23"
Вчера,,149857,"11 23 2 3 4 21 22 1 19 13 9 16"
Вчера,,149856,"14 3 4 20 5 10 15 18 17 21 23 19"
Вчера,,149855,"16 22 20 12 7 8 21 13 10 4 3 17"
Вчера,,149854,"15 2 9 16 14 13 3 8 24 17 23 4"
Вчера,,149853,"5 21 3 12 9 24 2 11 6 7 1 16"
Вчера,,149852,"8 7 21 1 24 10 4 23 16 15 18 3"
Вчера,,149851,"19 21 1 18 11 22 5 24 12 13 15 3"
Вчера,,149850,"8 24 14 5 7 15 12 1 13 22 3 2"
Вчера,,149849,"2 19 1 6 23 17 20 10 18 4 15 7"
Вчера,,149848,"5 9 20 6 2 14 18 23 4 3 21 11"
Вчера,,149847,"20 16 21 24 17 5 12 23 19 14 13 22"
Вчера,,149846,"5 2 7 21 23 1 9 6 17 16 14 22"
Вчера,,149845,"5 4 16 19 3 14 12 24 10 6 15 17"
Вчера,,149844,"2 1 6 5 13 8 22 20 9 4 17 12"
Вчера,,149843,"11 4 1 16 17 15 20 6 12 21 7 13"
Вчера,,149842,"6 7 2 22 11 14 20 10 23 8 5 4"
Вчера,,149841,"8 1 7 14 18 21 24 13 4 3 10 9"
Вчера,,149840,"14 11 4 7 21 2 17 18 8 20 15 10"
Вчера,,149839,"15 13 5 9 16 4 20 2 6 12 10 18"
Вчера,,149838,"7 5 21 9 11 3 22 20 10 2 18 8"
Вчера,,149837,"14 16 13 9 22 3 24 6 8 1 21 10"
Вчера,,149836,"1 2 19 8 10 15 4 12 5 3 18 22"
Вчера,,149834,"4 15 16 22 5 21 6 24 9 13 2 14"
Вчера,,149833,"2 9 21 23 3 6 13 20 7 17 16 11"
Вчера,,149832,"14 6 8 23 3 9 4 11 17 22 7 15"
Вчера,,149831,"20 2 10 19 4 17 7 14 5 11 12 6"
Вчера,,149830,"13 7 9 11 2 15 6 3 12 5 17 14"
Вчера,,149829,"3 12 19 22 14 9 6 18 21 4 10 1"
Вчера,,149828,"7 1 17 10 23 12 15 13 19 21 22 3"
Вчера,,149827,"24 9 5 4 8 21 15 16 14 22 10 19"
Вчера,,149826,"3 15 16 19 12 18 23 21 17 22 6 13"
Вчера,,149825,"10 23 4 21 18 5 20 11 1 17 3 2"
Вчера,,149824,"14 4 1 15 2 16 10 22 11 7 24 23"
Вчера,,149823,"1 19 10 7 6 20 21 22 13 12 2 17"
Вчера,,149822,"18 7 22 12 5 10 19 21 14 1 16 9"
Вчера,,149821,"10 22 20 4 24 15 18 5 23 16 17 2"
Вчера,,149820,"7 5 17 11 2 10 13 21 14 12 16 24"
Вчера,,149819,"2 18 23 4 21 5 14 16 6 3 15 22"
Вчера,,149818,"9 16 7 23 5 12 20 15 21 10 4 22"
Вчера,,149817,"9 23 4 13 6 12 2 5 15 1 11 8"
Вчера,,149816,"2 16 5 23 21 1 7 17 6 11 12 22"
Вчера,,149815,"21 15 18 13 2 4 14 8 23 22 12 16"
Вчера,,149814,"5 13 15 20 22 11 10 12 21 23 8 14"
Вчера,,149813,"6 24 9 4 22 18 12 2 21 15 13 3"
Вчера,,149812,"19 14 3 11 24 4 22 1 17 2 12 18"
Вчера,,149811,"2 22 3 14 6 15 19 9 20 24 12 7"
10 августа,,149810,"16 6 3 17 11 19 5 7 1 23 22 4"
10 августа,,149809,"24 22 15 18 13 23 14 7 6 21 2 9"
10 августа,,149808,"23 8 24 5 22 21 9 12 10 20 1 19"
10 августа,,149807,"10 13 2 24 15 23 4 19 5 6 8 20"
10 августа,,149806,"12 23 14 24 15 9 5 7 10 4 13 6"
10 августа,,149805,"4 18 8 11 22 24 12 9 5 2 10 20"